"flightNumber","airline","from","originCity","originAirport","to","destinationCity","destinationAirport","departureIST","arrivalIST","fareINR","availableSeats"
"AI 9101","Air India","DEL","Delhi","Indira Gandhi International Airport (DEL)","BOM","Mumbai","Chhatrapati Shivaji Maharaj International Airport (BOM)","2026-10-11 09:00","2026-10-11 11:10","5400","180"
"6E 9201","IndiGo","BOM","Mumbai","Chhatrapati Shivaji Maharaj International Airport (BOM)","BLR","Bengaluru","Kempegowda International Airport Bengaluru (BLR)","2026-10-11 11:15","2026-10-11 13:05","3900","179"
"QP 9301","Akasa Air","BLR","Bengaluru","Kempegowda International Airport Bengaluru (BLR)","HYD","Hyderabad","Rajiv Gandhi International Airport (HYD)","2026-10-11 13:30","2026-10-11 14:45","3200","180"
"6E 9202","IndiGo","HYD","Hyderabad","Rajiv Gandhi International Airport (HYD)","MAA","Chennai","Chennai International Airport (MAA)","2026-10-11 15:00","2026-10-11 16:20","3400","180"
"AI 9102","Air India","MAA","Chennai","Chennai International Airport (MAA)","CCU","Kolkata","Netaji Subhas Chandra Bose International Airport (CCU)","2026-10-11 07:45","2026-10-11 10:00","5600","180"
"QP 9302","Akasa Air","CCU","Kolkata","Netaji Subhas Chandra Bose International Airport (CCU)","DEL","Delhi","Indira Gandhi International Airport (DEL)","2026-10-11 16:30","2026-10-11 18:55","6100","180"
"6E 9203","IndiGo","DEL","Delhi","Indira Gandhi International Airport (DEL)","BLR","Bengaluru","Kempegowda International Airport Bengaluru (BLR)","2026-10-11 12:30","2026-10-11 15:20","4800","180"
"AI 9103","Air India","BOM","Mumbai","Chhatrapati Shivaji Maharaj International Airport (BOM)","DEL","Delhi","Indira Gandhi International Airport (DEL)","2026-10-11 18:00","2026-10-11 20:05","5200","180"
"AI 9600","Air India","DEL","Delhi","Indira Gandhi International Airport (DEL)","BOM","Mumbai","Chhatrapati Shivaji Maharaj International Airport (BOM)","2026-10-13 06:00","2026-10-13 08:10","4750","180"
"6E 9601","IndiGo","DEL","Delhi","Indira Gandhi International Airport (DEL)","BLR","Bengaluru","Kempegowda International Airport Bengaluru (BLR)","2026-10-13 09:15","2026-10-13 12:05","5550","180"
"QP 9602","Akasa Air","DEL","Delhi","Indira Gandhi International Airport (DEL)","HYD","Hyderabad","Rajiv Gandhi International Airport (HYD)","2026-10-13 12:30","2026-10-13 14:45","5150","180"
"AI 9603","Air India","DEL","Delhi","Indira Gandhi International Airport (DEL)","MAA","Chennai","Chennai International Airport (MAA)","2026-10-13 15:45","2026-10-13 18:40","5950","180"
"6E 9604","IndiGo","DEL","Delhi","Indira Gandhi International Airport (DEL)","CCU","Kolkata","Netaji Subhas Chandra Bose International Airport (CCU)","2026-10-13 18:00","2026-10-13 20:25","5700","180"
"QP 9605","Akasa Air","BOM","Mumbai","Chhatrapati Shivaji Maharaj International Airport (BOM)","DEL","Delhi","Indira Gandhi International Airport (DEL)","2026-10-13 21:15","2026-10-13 23:25","5750","180"
"AI 9606","Air India","BOM","Mumbai","Chhatrapati Shivaji Maharaj International Airport (BOM)","BLR","Bengaluru","Kempegowda International Airport Bengaluru (BLR)","2026-10-13 08:30","2026-10-13 10:20","5650","180"
"6E 9607","IndiGo","BOM","Mumbai","Chhatrapati Shivaji Maharaj International Airport (BOM)","HYD","Hyderabad","Rajiv Gandhi International Airport (HYD)","2026-10-13 11:45","2026-10-13 13:20","4150","180"
"QP 9608","Akasa Air","BOM","Mumbai","Chhatrapati Shivaji Maharaj International Airport (BOM)","MAA","Chennai","Chennai International Airport (MAA)","2026-10-13 14:00","2026-10-13 16:05","4800","180"
"AI 9609","Air India","BOM","Mumbai","Chhatrapati Shivaji Maharaj International Airport (BOM)","CCU","Kolkata","Netaji Subhas Chandra Bose International Airport (CCU)","2026-10-13 17:15","2026-10-13 19:55","5600","180"
"6E 9610","IndiGo","BLR","Bengaluru","Kempegowda International Airport Bengaluru (BLR)","DEL","Delhi","Indira Gandhi International Airport (DEL)","2026-10-13 20:30","2026-10-13 23:20","5950","180"
"QP 9611","Akasa Air","BLR","Bengaluru","Kempegowda International Airport Bengaluru (BLR)","BOM","Mumbai","Chhatrapati Shivaji Maharaj International Airport (BOM)","2026-10-13 07:45","2026-10-13 09:35","5250","180"
"AI 9612","Air India","BLR","Bengaluru","Kempegowda International Airport Bengaluru (BLR)","HYD","Hyderabad","Rajiv Gandhi International Airport (HYD)","2026-10-13 10:00","2026-10-13 11:15","4850","180"
"6E 9613","IndiGo","BLR","Bengaluru","Kempegowda International Airport Bengaluru (BLR)","MAA","Chennai","Chennai International Airport (MAA)","2026-10-13 13:15","2026-10-13 14:15","4900","180"
"QP 9614","Akasa Air","BLR","Bengaluru","Kempegowda International Airport Bengaluru (BLR)","CCU","Kolkata","Netaji Subhas Chandra Bose International Airport (CCU)","2026-10-13 16:30","2026-10-13 19:00","5050","180"
"AI 9615","Air India","HYD","Hyderabad","Rajiv Gandhi International Airport (HYD)","DEL","Delhi","Indira Gandhi International Airport (DEL)","2026-10-13 19:45","2026-10-13 22:00","4950","180"
"6E 9616","IndiGo","HYD","Hyderabad","Rajiv Gandhi International Airport (HYD)","BOM","Mumbai","Chhatrapati Shivaji Maharaj International Airport (BOM)","2026-10-13 06:00","2026-10-13 07:35","4550","180"
"QP 9617","Akasa Air","HYD","Hyderabad","Rajiv Gandhi International Airport (HYD)","BLR","Bengaluru","Kempegowda International Airport Bengaluru (BLR)","2026-10-13 09:15","2026-10-13 10:30","4450","180"
"AI 9618","Air India","HYD","Hyderabad","Rajiv Gandhi International Airport (HYD)","MAA","Chennai","Chennai International Airport (MAA)","2026-10-13 12:30","2026-10-13 13:50","4800","180"
"6E 9619","IndiGo","HYD","Hyderabad","Rajiv Gandhi International Airport (HYD)","CCU","Kolkata","Netaji Subhas Chandra Bose International Airport (CCU)","2026-10-13 15:45","2026-10-13 17:55","5750","180"
"QP 9620","Akasa Air","MAA","Chennai","Chennai International Airport (MAA)","DEL","Delhi","Indira Gandhi International Airport (DEL)","2026-10-13 18:00","2026-10-13 20:55","6550","180"
"AI 9621","Air India","MAA","Chennai","Chennai International Airport (MAA)","BOM","Mumbai","Chhatrapati Shivaji Maharaj International Airport (BOM)","2026-10-13 21:15","2026-10-13 23:20","4600","180"
"6E 9622","IndiGo","MAA","Chennai","Chennai International Airport (MAA)","BLR","Bengaluru","Kempegowda International Airport Bengaluru (BLR)","2026-10-13 08:30","2026-10-13 09:30","3900","180"
"QP 9623","Akasa Air","MAA","Chennai","Chennai International Airport (MAA)","HYD","Hyderabad","Rajiv Gandhi International Airport (HYD)","2026-10-13 11:45","2026-10-13 13:05","4400","180"
"AI 9624","Air India","MAA","Chennai","Chennai International Airport (MAA)","CCU","Kolkata","Netaji Subhas Chandra Bose International Airport (CCU)","2026-10-13 14:00","2026-10-13 16:15","5350","180"
"6E 9625","IndiGo","CCU","Kolkata","Netaji Subhas Chandra Bose International Airport (CCU)","DEL","Delhi","Indira Gandhi International Airport (DEL)","2026-10-13 17:15","2026-10-13 19:40","5700","180"
"QP 9626","Akasa Air","CCU","Kolkata","Netaji Subhas Chandra Bose International Airport (CCU)","BOM","Mumbai","Chhatrapati Shivaji Maharaj International Airport (BOM)","2026-10-13 20:30","2026-10-13 23:10","6200","180"
"AI 9627","Air India","CCU","Kolkata","Netaji Subhas Chandra Bose International Airport (CCU)","BLR","Bengaluru","Kempegowda International Airport Bengaluru (BLR)","2026-10-13 07:45","2026-10-13 10:15","6250","180"
"6E 9628","IndiGo","CCU","Kolkata","Netaji Subhas Chandra Bose International Airport (CCU)","HYD","Hyderabad","Rajiv Gandhi International Airport (HYD)","2026-10-13 10:00","2026-10-13 12:10","4750","180"
"QP 9629","Akasa Air","CCU","Kolkata","Netaji Subhas Chandra Bose International Airport (CCU)","MAA","Chennai","Chennai International Airport (MAA)","2026-10-13 13:15","2026-10-13 15:30","4950","180"
"AI 9630","Air India","DEL","Delhi","Indira Gandhi International Airport (DEL)","BOM","Mumbai","Chhatrapati Shivaji Maharaj International Airport (BOM)","2026-10-14 16:30","2026-10-14 18:40","5150","180"
"6E 9631","IndiGo","DEL","Delhi","Indira Gandhi International Airport (DEL)","BLR","Bengaluru","Kempegowda International Airport Bengaluru (BLR)","2026-10-14 19:45","2026-10-14 22:35","5950","180"
"QP 9632","Akasa Air","DEL","Delhi","Indira Gandhi International Airport (DEL)","HYD","Hyderabad","Rajiv Gandhi International Airport (HYD)","2026-10-14 06:00","2026-10-14 08:15","5550","180"
"AI 9633","Air India","DEL","Delhi","Indira Gandhi International Airport (DEL)","MAA","Chennai","Chennai International Airport (MAA)","2026-10-14 09:15","2026-10-14 12:10","6350","180"
"6E 9634","IndiGo","DEL","Delhi","Indira Gandhi International Airport (DEL)","CCU","Kolkata","Netaji Subhas Chandra Bose International Airport (CCU)","2026-10-14 12:30","2026-10-14 14:55","6100","180"
"QP 9635","Akasa Air","BOM","Mumbai","Chhatrapati Shivaji Maharaj International Airport (BOM)","DEL","Delhi","Indira Gandhi International Airport (DEL)","2026-10-14 15:45","2026-10-14 17:55","4750","180"
"AI 9636","Air India","BOM","Mumbai","Chhatrapati Shivaji Maharaj International Airport (BOM)","BLR","Bengaluru","Kempegowda International Airport Bengaluru (BLR)","2026-10-14 18:00","2026-10-14 19:50","4650","180"
"6E 9637","IndiGo","BOM","Mumbai","Chhatrapati Shivaji Maharaj International Airport (BOM)","HYD","Hyderabad","Rajiv Gandhi International Airport (HYD)","2026-10-14 21:15","2026-10-14 22:50","4550","180"
"QP 9638","Akasa Air","BOM","Mumbai","Chhatrapati Shivaji Maharaj International Airport (BOM)","MAA","Chennai","Chennai International Airport (MAA)","2026-10-14 08:30","2026-10-14 10:35","5200","180"
"AI 9639","Air India","BOM","Mumbai","Chhatrapati Shivaji Maharaj International Airport (BOM)","CCU","Kolkata","Netaji Subhas Chandra Bose International Airport (CCU)","2026-10-14 11:45","2026-10-14 14:25","6000","180"
"6E 9640","IndiGo","BLR","Bengaluru","Kempegowda International Airport Bengaluru (BLR)","DEL","Delhi","Indira Gandhi International Airport (DEL)","2026-10-14 14:00","2026-10-14 16:50","6350","180"
"QP 9641","Akasa Air","BLR","Bengaluru","Kempegowda International Airport Bengaluru (BLR)","BOM","Mumbai","Chhatrapati Shivaji Maharaj International Airport (BOM)","2026-10-14 17:15","2026-10-14 19:05","5650","180"
"AI 9642","Air India","BLR","Bengaluru","Kempegowda International Airport Bengaluru (BLR)","HYD","Hyderabad","Rajiv Gandhi International Airport (HYD)","2026-10-14 20:30","2026-10-14 21:45","3850","180"
"6E 9643","IndiGo","BLR","Bengaluru","Kempegowda International Airport Bengaluru (BLR)","MAA","Chennai","Chennai International Airport (MAA)","2026-10-14 07:45","2026-10-14 08:45","3900","180"
"QP 9644","Akasa Air","BLR","Bengaluru","Kempegowda International Airport Bengaluru (BLR)","CCU","Kolkata","Netaji Subhas Chandra Bose International Airport (CCU)","2026-10-14 10:00","2026-10-14 12:30","5450","180"
"AI 9645","Air India","HYD","Hyderabad","Rajiv Gandhi International Airport (HYD)","DEL","Delhi","Indira Gandhi International Airport (DEL)","2026-10-14 13:15","2026-10-14 15:30","5350","180"
"6E 9646","IndiGo","HYD","Hyderabad","Rajiv Gandhi International Airport (HYD)","BOM","Mumbai","Chhatrapati Shivaji Maharaj International Airport (BOM)","2026-10-14 16:30","2026-10-14 18:05","4950","180"
"QP 9647","Akasa Air","HYD","Hyderabad","Rajiv Gandhi International Airport (HYD)","BLR","Bengaluru","Kempegowda International Airport Bengaluru (BLR)","2026-10-14 19:45","2026-10-14 21:00","4850","180"
"AI 9648","Air India","HYD","Hyderabad","Rajiv Gandhi International Airport (HYD)","MAA","Chennai","Chennai International Airport (MAA)","2026-10-14 06:00","2026-10-14 07:20","5200","180"
"6E 9649","IndiGo","HYD","Hyderabad","Rajiv Gandhi International Airport (HYD)","CCU","Kolkata","Netaji Subhas Chandra Bose International Airport (CCU)","2026-10-14 09:15","2026-10-14 11:25","4750","180"
"QP 9650","Akasa Air","MAA","Chennai","Chennai International Airport (MAA)","DEL","Delhi","Indira Gandhi International Airport (DEL)","2026-10-14 12:30","2026-10-14 15:25","5550","180"
"AI 9651","Air India","MAA","Chennai","Chennai International Airport (MAA)","BOM","Mumbai","Chhatrapati Shivaji Maharaj International Airport (BOM)","2026-10-14 15:45","2026-10-14 17:50","5000","180"
"6E 9652","IndiGo","MAA","Chennai","Chennai International Airport (MAA)","BLR","Bengaluru","Kempegowda International Airport Bengaluru (BLR)","2026-10-14 18:00","2026-10-14 19:00","4300","180"
"QP 9653","Akasa Air","MAA","Chennai","Chennai International Airport (MAA)","HYD","Hyderabad","Rajiv Gandhi International Airport (HYD)","2026-10-14 21:15","2026-10-14 22:35","4800","180"
"AI 9654","Air India","MAA","Chennai","Chennai International Airport (MAA)","CCU","Kolkata","Netaji Subhas Chandra Bose International Airport (CCU)","2026-10-14 08:30","2026-10-14 10:45","5750","180"
"6E 9655","IndiGo","CCU","Kolkata","Netaji Subhas Chandra Bose International Airport (CCU)","DEL","Delhi","Indira Gandhi International Airport (DEL)","2026-10-14 11:45","2026-10-14 14:10","6100","180"
"QP 9656","Akasa Air","CCU","Kolkata","Netaji Subhas Chandra Bose International Airport (CCU)","BOM","Mumbai","Chhatrapati Shivaji Maharaj International Airport (BOM)","2026-10-14 14:00","2026-10-14 16:40","5200","180"
"AI 9657","Air India","CCU","Kolkata","Netaji Subhas Chandra Bose International Airport (CCU)","BLR","Bengaluru","Kempegowda International Airport Bengaluru (BLR)","2026-10-14 17:15","2026-10-14 19:45","5250","180"
"6E 9658","IndiGo","CCU","Kolkata","Netaji Subhas Chandra Bose International Airport (CCU)","HYD","Hyderabad","Rajiv Gandhi International Airport (HYD)","2026-10-14 20:30","2026-10-14 22:40","5150","180"
"QP 9659","Akasa Air","CCU","Kolkata","Netaji Subhas Chandra Bose International Airport (CCU)","MAA","Chennai","Chennai International Airport (MAA)","2026-10-14 07:45","2026-10-14 10:00","5350","180"
"AI 9660","Air India","DEL","Delhi","Indira Gandhi International Airport (DEL)","BOM","Mumbai","Chhatrapati Shivaji Maharaj International Airport (BOM)","2026-10-15 10:00","2026-10-15 12:10","5550","180"
"6E 9661","IndiGo","DEL","Delhi","Indira Gandhi International Airport (DEL)","BLR","Bengaluru","Kempegowda International Airport Bengaluru (BLR)","2026-10-15 13:15","2026-10-15 16:05","6350","180"
"QP 9662","Akasa Air","DEL","Delhi","Indira Gandhi International Airport (DEL)","HYD","Hyderabad","Rajiv Gandhi International Airport (HYD)","2026-10-15 16:30","2026-10-15 18:45","5950","180"
"AI 9663","Air India","DEL","Delhi","Indira Gandhi International Airport (DEL)","MAA","Chennai","Chennai International Airport (MAA)","2026-10-15 19:45","2026-10-15 22:40","5350","180"
"6E 9664","IndiGo","DEL","Delhi","Indira Gandhi International Airport (DEL)","CCU","Kolkata","Netaji Subhas Chandra Bose International Airport (CCU)","2026-10-15 06:00","2026-10-15 08:25","5100","180"
"QP 9665","Akasa Air","BOM","Mumbai","Chhatrapati Shivaji Maharaj International Airport (BOM)","DEL","Delhi","Indira Gandhi International Airport (DEL)","2026-10-15 09:15","2026-10-15 11:25","5150","180"
"AI 9666","Air India","BOM","Mumbai","Chhatrapati Shivaji Maharaj International Airport (BOM)","BLR","Bengaluru","Kempegowda International Airport Bengaluru (BLR)","2026-10-15 12:30","2026-10-15 14:20","5050","180"
"6E 9667","IndiGo","BOM","Mumbai","Chhatrapati Shivaji Maharaj International Airport (BOM)","HYD","Hyderabad","Rajiv Gandhi International Airport (HYD)","2026-10-15 15:45","2026-10-15 17:20","4950","180"
"QP 9668","Akasa Air","BOM","Mumbai","Chhatrapati Shivaji Maharaj International Airport (BOM)","MAA","Chennai","Chennai International Airport (MAA)","2026-10-15 18:00","2026-10-15 20:05","5600","180"
"AI 9669","Air India","BOM","Mumbai","Chhatrapati Shivaji Maharaj International Airport (BOM)","CCU","Kolkata","Netaji Subhas Chandra Bose International Airport (CCU)","2026-10-15 21:15","2026-10-15 23:55","6400","180"
"6E 9670","IndiGo","BLR","Bengaluru","Kempegowda International Airport Bengaluru (BLR)","DEL","Delhi","Indira Gandhi International Airport (DEL)","2026-10-15 08:30","2026-10-15 11:20","5350","180"
"QP 9671","Akasa Air","BLR","Bengaluru","Kempegowda International Airport Bengaluru (BLR)","BOM","Mumbai","Chhatrapati Shivaji Maharaj International Airport (BOM)","2026-10-15 11:45","2026-10-15 13:35","4650","180"
"AI 9672","Air India","BLR","Bengaluru","Kempegowda International Airport Bengaluru (BLR)","HYD","Hyderabad","Rajiv Gandhi International Airport (HYD)","2026-10-15 14:00","2026-10-15 15:15","4250","180"
"6E 9673","IndiGo","BLR","Bengaluru","Kempegowda International Airport Bengaluru (BLR)","MAA","Chennai","Chennai International Airport (MAA)","2026-10-15 17:15","2026-10-15 18:15","4300","180"
"QP 9674","Akasa Air","BLR","Bengaluru","Kempegowda International Airport Bengaluru (BLR)","CCU","Kolkata","Netaji Subhas Chandra Bose International Airport (CCU)","2026-10-15 20:30","2026-10-15 23:00","5850","180"
"AI 9675","Air India","HYD","Hyderabad","Rajiv Gandhi International Airport (HYD)","DEL","Delhi","Indira Gandhi International Airport (DEL)","2026-10-15 07:45","2026-10-15 10:00","5750","180"
"6E 9676","IndiGo","HYD","Hyderabad","Rajiv Gandhi International Airport (HYD)","BOM","Mumbai","Chhatrapati Shivaji Maharaj International Airport (BOM)","2026-10-15 10:00","2026-10-15 11:35","5350","180"
"QP 9677","Akasa Air","HYD","Hyderabad","Rajiv Gandhi International Airport (HYD)","BLR","Bengaluru","Kempegowda International Airport Bengaluru (BLR)","2026-10-15 13:15","2026-10-15 14:30","3850","180"
"AI 9678","Air India","HYD","Hyderabad","Rajiv Gandhi International Airport (HYD)","MAA","Chennai","Chennai International Airport (MAA)","2026-10-15 16:30","2026-10-15 17:50","4200","180"
"6E 9679","IndiGo","HYD","Hyderabad","Rajiv Gandhi International Airport (HYD)","CCU","Kolkata","Netaji Subhas Chandra Bose International Airport (CCU)","2026-10-15 19:45","2026-10-15 21:55","5150","180"
"QP 9680","Akasa Air","MAA","Chennai","Chennai International Airport (MAA)","DEL","Delhi","Indira Gandhi International Airport (DEL)","2026-10-15 06:00","2026-10-15 08:55","5950","180"
"AI 9681","Air India","MAA","Chennai","Chennai International Airport (MAA)","BOM","Mumbai","Chhatrapati Shivaji Maharaj International Airport (BOM)","2026-10-15 09:15","2026-10-15 11:20","5400","180"
"6E 9682","IndiGo","MAA","Chennai","Chennai International Airport (MAA)","BLR","Bengaluru","Kempegowda International Airport Bengaluru (BLR)","2026-10-15 12:30","2026-10-15 13:30","4700","180"
"QP 9683","Akasa Air","MAA","Chennai","Chennai International Airport (MAA)","HYD","Hyderabad","Rajiv Gandhi International Airport (HYD)","2026-10-15 15:45","2026-10-15 17:05","5200","180"
"AI 9684","Air India","MAA","Chennai","Chennai International Airport (MAA)","CCU","Kolkata","Netaji Subhas Chandra Bose International Airport (CCU)","2026-10-15 18:00","2026-10-15 20:15","4750","180"
"6E 9685","IndiGo","CCU","Kolkata","Netaji Subhas Chandra Bose International Airport (CCU)","DEL","Delhi","Indira Gandhi International Airport (DEL)","2026-10-15 21:15","2026-10-15 23:40","5100","180"
"QP 9686","Akasa Air","CCU","Kolkata","Netaji Subhas Chandra Bose International Airport (CCU)","BOM","Mumbai","Chhatrapati Shivaji Maharaj International Airport (BOM)","2026-10-15 08:30","2026-10-15 11:10","5600","180"
"AI 9687","Air India","CCU","Kolkata","Netaji Subhas Chandra Bose International Airport (CCU)","BLR","Bengaluru","Kempegowda International Airport Bengaluru (BLR)","2026-10-15 11:45","2026-10-15 14:15","5650","180"
"6E 9688","IndiGo","CCU","Kolkata","Netaji Subhas Chandra Bose International Airport (CCU)","HYD","Hyderabad","Rajiv Gandhi International Airport (HYD)","2026-10-15 14:00","2026-10-15 16:10","5550","180"
"QP 9689","Akasa Air","CCU","Kolkata","Netaji Subhas Chandra Bose International Airport (CCU)","MAA","Chennai","Chennai International Airport (MAA)","2026-10-15 17:15","2026-10-15 19:30","5750","180"
"AI 9690","Air India","DEL","Delhi","Indira Gandhi International Airport (DEL)","BOM","Mumbai","Chhatrapati Shivaji Maharaj International Airport (BOM)","2026-10-16 20:30","2026-10-16 22:40","5950","180"
"6E 9691","IndiGo","DEL","Delhi","Indira Gandhi International Airport (DEL)","BLR","Bengaluru","Kempegowda International Airport Bengaluru (BLR)","2026-10-16 07:45","2026-10-16 10:35","5350","180"
